ID,label,name,weight
哈赤大师,哈赤大师,福康安,0.33906063499999994
常伯志,常伯志,常赫志,0.8809688637000003
余鱼同,余鱼同,陈家洛,3.9062550310000006
常赫志,常赫志,常赫志,0.9179330415000005
倪不大,倪不大,倪不小,0.7613536400499998
德布,德布,胡斐,0.10666922595
文泰来,文泰来,陈家洛,4.8896915631
文醉翁,文醉翁,胡斐,0.711113219
桑飞虹,桑飞虹,胡斐,1.1441501841
汤沛,汤沛,胡斐,2.156790371599999
海兰弼,海兰弼,胡斐,1.2564871682
福康安,福康安,胡斐,5.133746411399999
程灵素,程灵素,胡斐,4.5916995889
胡斐,胡斐,胡斐,20.477926834679984
西灵道人,西灵道人,福康安,0.2540098214
赵半山,赵半山,陈家洛,5.087145236
郭玉堂,郭玉堂,胡斐,0.7374813045000003
陆菲青,陆菲青,陈家洛,4.3426786460999995
陈家洛,陈家洛,陈家洛,10.764817801100007
霍青桐,霍青桐,陈家洛,4.2026779874999995
马春花,马春花,胡斐,1.9460667270300003
倪不小,倪不小,倪不小,0.7613536400499998
何惕守,何惕守,袁承志,1.1892135412999998
冯不摧,冯不摧,冯不破,0.5578044114000001
冯难敌,冯难敌,袁承志,0.7041157214999999
刘培生,刘培生,袁承志,1.1056727585
大汉,大汉,韦小宝,8.14532064799
安大娘,安大娘,袁承志,1.3407928634300001
安小慧,安小慧,袁承志,0.8797237399300001
崔希敏,崔希敏,袁承志,1.3404678887300001
归二娘,归二娘,归辛树,1.9557678051999996
归辛树,归辛树,归辛树,1.9011614702
归钟,归钟,韦小宝,0.6586611376000002
李岩,李岩,袁承志,1.2775758153999999
梅剑和,梅剑和,袁承志,2.3233445391999994
洪胜海,洪胜海,袁承志,2.5458452992000007
石骏,石骏,袁承志,0.26942423820000005
红娘子,红娘子,袁承志,0.3898049074
袁承志,袁承志,袁承志,20.307580251499985
郑克爽,郑克爽,韦小宝,1.4378969432999995
黄真,黄真,袁承志,1.3178158376899998
冯不破,冯不破,冯不破,0.5081616234
玉真子,玉真子,袁承志,0.6122163435900001
程青竹,程青竹,袁承志,1.8386541018
阿九,阿九,袁承志,1.6172118407099998
少妇,少妇,韦小宝,1.9059010662800007
上官虹,上官虹,史仲俊,0.616754897
李三,李三,史仲俊,0.9492794705999998
汉子,汉子,韦小宝,18.773837100899993
陈达海,陈达海,苏普,1.3357414925000002
霍元龙,霍元龙,苏普,0.8346539307
史仲俊,史仲俊,史仲俊,0.7031960788999999
明珠,明珠,韦小宝,1.7790845028700002
李文秀,李文秀,苏普,2.3089504298000003
老头子,老头子,岳不群,2.2638187002299994
苏普,苏普,苏普,1.5701923713000001
丁同,丁同,苏普,0.11162325299999999
丧门鬼,丧门鬼,史季强,0.8387436469999999
俏鬼,俏鬼,杨过,0.437760381
史仲猛,史仲猛,史季强,1.4598089327
史季强,史季强,史季强,1.2718355034
吊死鬼,吊死鬼,史季强,0.9815950655300001
大头鬼,大头鬼,杨过,0.90112793869
讨债鬼,讨债鬼,史季强,0.22979797799999999
笑脸鬼,笑脸鬼,史季强,0.6686680168000001
催命鬼,催命鬼,史季强,0.711383097
史伯威,史伯威,杨过,0.3806549677
史叔刚,史叔刚,杨过,0.6662897504999998
郭襄,郭襄,杨过,5.040175123299999
杨过,杨过,杨过,13.803728072260006
樊一翁,樊一翁,杨过,0.70808857371
郭芙,郭芙,杨过,2.3543985386000004
韦小宝,韦小宝,韦小宝,51.039115881860006
刘一舟,刘一舟,韦小宝,0.5750367604000001
张九,张九,胡斐,0.2857738397
张无忌,张无忌,赵敏,25.65457461269999
灭绝师太,灭绝师太,赵敏,2.9985684483399986
纪晓芙,纪晓芙,赵敏,1.3318026217
苗人凤,苗人凤,胡斐,5.402591096200003
贝锦仪,贝锦仪,赵敏,0.2666566594
金花婆婆,金花婆婆,赵敏,1.4104736078
丁敏君,丁敏君,赵敏,0.59986389413
煞神鬼,煞神鬼,杨过,0.03249976313
金轮法王,金轮法王,杨过,1.6178283284
霍都,霍都,杨过,0.7892587306399999
谢逊,谢逊,赵敏,7.063556111869999
空智,空智,空闻,2.4842565748399994
司徒千钟,司徒千钟,夏胄,0.94623317445
周芷若,周芷若,赵敏,3.4653901336099997
周颠,周颠,赵敏,2.0891198368799997
宋青书,宋青书,赵敏,1.44687280003
宗维侠,宗维侠,赵敏,0.6391018744000001
张三丰,张三丰,赵敏,3.4763223287199985
掌棒龙头,掌棒龙头,执法长老,0.8984571860600001
杨逍,杨逍,赵敏,4.26977843781
欧阳牧之,欧阳牧之,空闻,0.12286454243
殷梨亭,殷梨亭,赵敏,3.051637991530001
范遥,范遥,赵敏,2.2747338941
说不得,说不得,赵敏,2.3058671073199997
赵敏,赵敏,赵敏,6.494140271580001
静迦,静迦,夏胄,0.28985047926000007
韦一笑,韦一笑,赵敏,2.4469047624300004
何太冲,何太冲,赵敏,2.311611959399999
夏胄,夏胄,夏胄,0.37179779756
静慧,静慧,赵敏,0.34225832340000006
静照,静照,赵敏,0.25218175626000006
静空,静空,赵敏,0.15217256963
高老者,高老者,赵敏,0.5737029996
传功长老,传功长老,执法长老,1.1374073127000002
史火龙,史火龙,赵敏,1.187392392
史红石,史红石,赵敏,0.1743539285
叶长青,叶长青,夏胄,0.03214957759999999
圆真,圆真,赵敏,1.16741704485
常敬之,常敬之,赵敏,0.2980855745
彭莹玉,彭莹玉,赵敏,1.2607869076499998
执法长老,执法长老,执法长老,1.4624460479899999
掌钵龙头,掌钵龙头,赵敏,0.6217271309500001
空见,空见,赵敏,1.13090353165
空闻,空闻,空闻,1.7678527134499995
桃干仙,桃干仙,岳不群,1.3585581171999999
乐厚,乐厚,岳不群,0.11212525929999999
令狐冲,令狐冲,岳不群,25.132246249629993
农夫,农夫,黄蓉,0.8870703073499999
冲虚,冲虚,岳不群,2.265004304099999
冲虚道长,冲虚道长,岳不群,0.6675120434
劳德诺,劳德诺,岳不群,2.4604071839999997
司马大,司马大,岳不群,0.2375312925
向问天,向问天,岳不群,2.3708203010999993
定逸,定逸,岳不群,2.450490905100001
岳不群,岳不群,岳不群,7.949451050900005
岳灵珊,岳灵珊,岳不群,3.605396998199999
平一指,平一指,岳不群,0.5697039464
教书先生,教书先生,狄云,0.19085350386
方证,方证,岳不群,2.349640034
施戴子,施戴子,岳不群,0.6701366450000001
易国梓,易国梓,岳不群,0.4536528202
林平之,林平之,岳不群,5.698024998300001
桃叶仙,桃叶仙,岳不群,0.4290955675000001
桃实仙,桃实仙,岳不群,1.0736244631000003
桃根仙,桃根仙,岳不群,1.5159084497000006
桃花仙,桃花仙,岳不群,1.3153970905000003
桑三娘,桑三娘,岳不群,0.22587071295
游迅,游迅,岳不群,1.3452740084000003
白熊,白熊,黑熊,0.3747699697300001
祖千秋,祖千秋,岳不群,1.2612161426
莫大,莫大,岳不群,2.7613907097699992
计无施,计无施,岳不群,0.7730335400999999
谭迪人,谭迪人,岳不群,0.07386002389999999
辛国梁,辛国梁,岳不群,0.7447783553
鲍大楚,鲍大楚,岳不群,0.7920620205999999
黄伯流,黄伯流,岳不群,0.44441348919999996
黑熊,黑熊,黑熊,0.37045636606000004
上官云,上官云,岳不群,0.8526462118000001
东方不败,东方不败,岳不群,1.5464671967999997
丹青生,丹青生,岳不群,1.1672717028999997
于嫂,于嫂,岳不群,0.4711136672
仇松年,仇松年,张夫人,0.9178535391999997
仪和,仪和,岳不群,1.3458591673
仪清,仪清,岳不群,1.0623659726999997
仪琳,仪琳,岳不群,3.1502878247000003
任我行,任我行,岳不群,2.5209967006600005
何足道,何足道,杨过,2.7356051458399997
余沧海,余沧海,岳不群,2.8527961882000006
哑婆婆,哑婆婆,岳不群,0.24225702729999998
定静师太,定静师太,岳不群,0.5466679439000002
左冷禅,左冷禅,岳不群,2.5758298477000006
张夫人,张夫人,张夫人,0.9429763302300002
方生,方生,岳不群,1.0586345826999997
林震南,林震南,岳不群,2.4329249155000006
梁发,梁发,岳不群,0.4754175231
狄修,狄修,岳不群,0.0873311689
田伯光,田伯光,岳不群,2.3452830885
秃笔翁,秃笔翁,岳不群,0.7189689967
聋哑婆婆,聋哑婆婆,张夫人,0.07008816645999999
觉月,觉月,岳不群,0.5300575684000001
郑萼,郑萼,岳不群,0.6277770594000001
陆大有,陆大有,岳不群,1.7534118731000001
黄国柏,黄国柏,岳不群,0.32817906469999997
黄钟公,黄钟公,岳不群,0.8510472560000002
黑白子,黑白子,岳不群,1.1701627499
蓝凤凰,蓝凤凰,岳不群,0.6754475938000001
风清扬,风清扬,岳不群,0.46594473226
不戒和尚,不戒和尚,岳不群,0.8160210260999998
卜沉,卜沉,岳不群,0.1591286752
钟镇,钟镇,岳不群,0.7530542290000002
铁匠,铁匠,杨过,1.0881933540900002
高克新,高克新,岳不群,0.4577009839
丁坚,丁坚,岳不群,0.3328103030999999
施令威,施令威,岳不群,0.24901730210000003
杜长老,杜长老,岳不群,0.27386908985
王诚,王诚,岳不群,0.14165220116
葛长老,葛长老,岳不群,0.4375135702
刘正风,刘正风,岳不群,3.6363277821600004
吴柏英,吴柏英,岳不群,0.30506969679999996
周孤桐,周孤桐,岳不群,0.30506969679999996
桃枝仙,桃枝仙,岳不群,1.3906850928999996
严三星,严三星,岳不群,0.527698079
玉灵道人,玉灵道人,岳不群,0.5699055331
西宝,西宝,张夫人,0.2751269786
何三七,何三七,岳不群,0.47249546239999995
吉人通,吉人通,岳不群,0.1292754851
天门道人,天门道人,岳不群,1.7574692096
方人智,方人智,岳不群,0.91208478326
木高峰,木高峰,岳不群,1.1314092779999998
闻先生,闻先生,岳不群,0.2702898649
余人彦,余人彦,岳不群,0.28522063899999994
侯人英,侯人英,洪人雄,0.37030778810000003
洪人雄,洪人雄,洪人雄,0.6523554843
王夫人,王夫人,王语嫣,1.9618225619000003
罗人杰,罗人杰,岳不群,0.5077819540000001
贾人达,贾人达,岳不群,0.32993543690000005
封不平,封不平,岳不群,0.7240440039999998
曲洋,曲洋,岳不群,0.5240037910999998
绿竹翁,绿竹翁,岳不群,0.7409931831
吴天德,吴天德,岳不群,0.023589912999999997
无色,无色,杨过,1.52182224003
渡劫,渡劫,赵敏,0.6115777894100003
王仲强,王仲强,岳不群,0.48505204269999996
王伯奋,王伯奋,岳不群,0.5171578141000001
王元霸,王元霸,岳不群,1.1730197501000001
王家驹,王家驹,岳不群,0.5884855475999998
易师爷,易师爷,岳不群,0.3085243415000001
王家骏,王家骏,岳不群,0.2573581588
陈歪嘴,陈歪嘴,岳不群,0.07654696686
史镖头,史镖头,岳不群,1.0754366274999998
季镖头,季镖头,岳不群,0.33760935989999996
崔镖头,崔镖头,岳不群,0.38900962440000003
徐天川,徐天川,韦小宝,2.6415798085999995
白寒枫,白寒枫,韦小宝,1.3607217724999998
祝镖头,祝镖头,殷素素,0.0994255865
苏冈,苏冈,韦小宝,0.6968679316000002
郑镖头,郑镖头,岳不群,0.7222792243999999
陈七,陈七,岳不群,0.4483071223000001
丁勉,丁勉,岳不群,1.4989740467
史登达,史登达,岳不群,0.9760996478600001
车夫,车夫,韦小宝,1.2619935779100002
林远图,林远图,岳不群,0.2633545618
白二,白二,岳不群,0.6885075657999999
费彬,费彬,岳不群,0.9955222735
长青子,长青子,岳不群,0.32035724639999996
建除,建除,岳不群,0.3386528321
成不忧,成不忧,岳不群,0.2065257809
玉磬子,玉磬子,玉音子,0.37427795
玉音子,玉音子,玉音子,0.4022169045
麻衣汉子,麻衣汉子,岳不群,0.06986128459999999
宁中则,宁中则,岳不群,0.27542627594999997
舒奇,舒奇,岳不群,0.27206324785
沙天江,沙天江,岳不群,0.260677867
邓八公,邓八公,岳不群,0.305104756
上官,上官,岳不群,1.3127697161899998
丛不弃,丛不弃,岳不群,0.07116344909999998
乔峰,乔峰,阿朱,9.045975655150002
于人豪,于人豪,岳不群,0.6938881787
任盈盈,任盈盈,岳不群,0.021426550450000005
农妇,农妇,袁承志,0.11641896854999999
向大年,向大年,岳不群,0.43065089020000014
哑巴,哑巴,袁承志,2.9627574497400007
天乙道人,天乙道人,岳不群,0.0050981935
天松道人,天松道人,岳不群,0.11124826104999999
平夫人,平夫人,岳不群,0.030921232899999998
成高道人,成高道人,岳不群,0.00258172846
明月,明月,赵敏,0.85627596178
易堂主,易堂主,岳不群,0.20531775096
曲非烟,曲非烟,岳不群,0.2945182498
杨莲亭,杨莲亭,岳不群,0.4774689953599999
樵子,樵子,黄蓉,0.48254485858000007
澄观,澄观,韦小宝,0.7318119018899999
玉玑子,玉玑子,岳不群,0.7287609990000002
玉钟子,玉钟子,岳不群,0.00345902316
申人俊,申人俊,岳不群,0.238909867
童子,童子,袁承志,1.82423579733
童百熊,童百熊,岳不群,0.2525358999
竹剑,竹剑,王语嫣,0.5508947000600001
米为义,米为义,岳不群,0.2579862258999999
老不死,老不死,岳不群,0.3912673608000001
胖子,胖子,石破天,2.389541029
英白罗,英白罗,岳不群,0.27686328955
解风,解风,岳不群,0.12640893235
贾布,贾布,岳不群,0.1720549063
郭靖,郭靖,黄蓉,15.464876711299992
陶钧,陶钧,岳不群,0.24777369849999997
震山子,震山子,岳不群,0.12833342055
高明根,高明根,岳不群,0.12426631916
鲁连荣,鲁连荣,岳不群,0.05224514975
齐堂主,齐堂主,岳不群,0.20531775096
陆伯,陆伯,岳不群,0.014084507
脚夫,脚夫,韦小宝,0.9960611684000001
周伯通,周伯通,黄蓉,2.2364795125000008
天虚,天虚,闵柔,0.417720505
照虚,照虚,闵柔,0.09363141740000001
白万剑,白万剑,石破天,2.8523742546999995
石清,石清,闵柔,5.0003936475
石破天,石破天,石破天,8.3286457687
闵柔,闵柔,闵柔,2.4190186585
万大平,万大平,岳不群,0.3830061537
刘芹,刘芹,岳不群,0.0544163392
刘菁,刘菁,岳不群,0.24635182320000001
守备,守备,韦小宝,0.35168222343
王二叔,王二叔,岳不群,0.0079537245
狄镖头,狄镖头,岳不群,0.0146164299
俞岱岩,俞岱岩,赵敏,3.8510301904699995
张翠山,张翠山,殷素素,6.478298659660001
都大锦,都大锦,殷素素,0.6709171680000002
朱元璋,朱元璋,赵敏,1.2376620878000002
假东方不败,假东方不败,韦小宝,0.0024554592999999998
慕容博,慕容博,萧远山,0.7238707115999999
鸠摩智,鸠摩智,王语嫣,2.1160697439999994
梅念笙,梅念笙,狄云,0.111568675
丁不三,丁不三,石破天,1.7573991213999998
万圭,万圭,狄云,1.7142494544000002
卢一峰,卢一峰,韦小宝,0.2980955712
卫春华,卫春华,陈家洛,2.4327853442000005
双儿,双儿,韦小宝,3.371907916400001
史小翠,史小翠,石破天,0.2196743065
吴三桂,吴三桂,韦小宝,9.336053719300002
宋远桥,宋远桥,赵敏,2.1329207547300006
张妈,张妈,韦小宝,0.10260434663000001
徐天宏,徐天宏,陈家洛,5.159613362600001
心砚,心砚,陈家洛,2.3386651728000003
成璜,成璜,陈家洛,0.9298017449
方有德,方有德,陈家洛,0.17723731109999996
李沅芷,李沅芷,陈家洛,3.0233336715
殷天正,殷天正,赵敏,1.9674818810599999
汤和,汤和,赵敏,0.72165707124
瑞大林,瑞大林,陈家洛,1.1069816736000002
白寒松,白寒松,韦小宝,0.3300275352
白自在,白自在,石破天,1.9999656404000001
章进,章进,陈家洛,2.2610821936999996
耿万钟,耿万钟,闵柔,1.1588717384
谭公,谭公,赵钱孙,0.81958306773
阿二,阿二,赵敏,0.34456683128
骆冰,骆冰,陈家洛,4.199629677399999
王剑杰,王剑杰,胡斐,0.9754013794999998
一灯大师,一灯大师,黄蓉,1.29249950276
丘处机,丘处机,黄蓉,3.8471763324999992
乾隆皇帝,乾隆皇帝,陈家洛,0.4717415520299999
何红药,何红药,袁承志,1.2660651207000002
何铁手,何铁手,袁承志,1.9674448954799997
关明梅,关明梅,陈正德,0.9535640070000001
吕七,吕七,袁承志,0.6441104529000001
吕文德,吕文德,黄蓉,0.0814886928
周仲英,周仲英,陈家洛,2.866445055599999
周绮,周绮,陈家洛,3.3937439233
周阿三,周阿三,陈家洛,0.0374814531
哈合台,哈合台,顾金标,0.9854648457999999
商老太,商老太,胡斐,1.4109997475000005
孟健雄,孟健雄,陈家洛,1.6057169931000004
小龙女,小龙女,杨过,3.81837598628
尹克西,尹克西,潇湘子,1.2033987204199998
张十五,张十五,郭啸天,0.11041929159
张召重,张召重,陈家洛,3.642171766799999
张春九,张春九,袁承志,0.3448919248
成自学,成自学,齐自勉,0.8796472301
方怡,方怡,韦小宝,1.9688563266000005
无尘道长,无尘道长,陈家洛,0.30772658880000003
曲三,曲三,郭啸天,0.18914023988999998
曹化淳,曹化淳,袁承志,0.9278851889
朱聪,朱聪,黄蓉,2.08614544065
杨铁心,杨铁心,郭啸天,2.0372180054999998
柯镇恶,柯镇恶,黄蓉,2.1105801386
梁长老,梁长老,黄蓉,0.83007689803
梅超风,梅超风,黄蓉,1.43490293953
汪铁鹗,汪铁鹗,胡斐,0.9860338435999998
沐剑屏,沐剑屏,韦小宝,1.4728612227
洪七公,洪七公,黄蓉,2.2350659827099997
温方山,温方山,袁承志,1.1709785844
温方施,温方施,袁承志,0.5364800703
温方达,温方达,袁承志,1.3528692755
潇湘子,潇湘子,潇湘子,1.4203171967099995
焦宛儿,焦宛儿,袁承志,2.0598579298
焦文期,焦文期,陈家洛,0.98989104723
玉如意,玉如意,陈家洛,0.9576567818999999
王剑英,王剑英,胡斐,1.7929825893999998
王维扬,王维扬,陈家洛,1.2576092748000003
石中玉,石中玉,石破天,0.8737307526000002
石双英,石双英,陈家洛,1.0316604261
老王,老王,陈家洛,0.36063986048
耶律齐,耶律齐,杨过,1.7557651035999995
苏菲亚,苏菲亚,韦小宝,1.9662695478999999
袁士霄,袁士霄,陈家洛,0.5312224129
裘千仞,裘千仞,黄蓉,1.0772084638
谭婆,谭婆,赵钱孙,0.8057754989
赵良栋,赵良栋,韦小宝,0.5267027938000001
郭啸天,郭啸天,郭啸天,0.9389871612300003
阿凡提,阿凡提,陈家洛,0.5400073785000001
陆乘风,陆乘风,黄蓉,0.31330176094
陆冠英,陆冠英,黄蓉,0.90792078439
陆无双,陆无双,杨过,1.4937288314899997
陈正德,陈正德,陈正德,1.2786552461
陈近南,陈近南,韦小宝,3.4884678176999997
陈高波,陈高波,胡斐,0.32398490900000004
韩宝驹,韩宝驹,黄蓉,1.1857188221300003
韩文冲,韩文冲,陈家洛,0.9592075764
顾金标,顾金标,顾金标,1.1727755182000001
马光佐,马光佐,杨过,0.41761091620000007
马博仁,马博仁,马博仁,0.6463091685
马善均,马善均,陈家洛,0.5229718120000001
马行空,马行空,胡斐,1.0810349294
鳌拜,鳌拜,韦小宝,2.251365548300001
黄药师,黄药师,黄蓉,2.3424267362000006
黄蓉,黄蓉,黄蓉,12.349492591400004
黎刚,黎刚,袁承志,0.5541645829
齐伯涛,齐伯涛,胡斐,0.32398490900000004
室里,室里,阿紫,0.20415095780000003
清风,清风,王语嫣,0.72013199476
小沙弥,小沙弥,黄蓉,0.25175946327
王进宝,王进宝,韦小宝,0.5401165274999999
万庆澜,万庆澜,陈家洛,0.2960409195
上官毅山,上官毅山,陈家洛,0.1022496757
上官铁生,上官铁生,胡斐,0.26305277619999995
冯锡范,冯锡范,韦小宝,0.8270689352999999
吴之荣,吴之荣,韦小宝,2.3473195036000005
吴应熊,吴应熊,韦小宝,1.5103624255
哑梢公,哑梢公,黄蓉,0.16990358535999997
张勇,张勇,韦小宝,0.5644210565
徐铮,徐铮,胡斐,1.3801430348000001
慕天颜,慕天颜,韦小宝,0.34107076729999997
无常鬼,无常鬼,胡斐,0.6700048807299999
曹能,曹能,陈家洛,0.33640280145
曾铁鸥,曾铁鸥,胡斐,0.7214495703
朱祖荫,朱祖荫,陈家洛,0.4511248213
段天德,段天德,黄蓉,0.65103236989
殷仲翔,殷仲翔,胡斐,1.0718981573
渔人,渔人,黄蓉,0.37705821723999994
温仪,温仪,袁承志,0.49606264699999997
温南扬,温南扬,袁承志,0.4645682870000001
秦老五,秦老五,赵敏,0.0078333862
秦耐之,秦耐之,胡斐,0.5067038722999999
胡大哥,胡大哥,胡斐,1.8228511339999998
蒋四根,蒋四根,陈家洛,1.1814142935
裘千丈,裘千丈,黄蓉,0.09139886300999998
言伯乾,言伯乾,陈家洛,0.8644569903999999
马佑,马佑,韦小宝,0.1840644593
鲁有脚,鲁有脚,黄蓉,0.9470579580399999
丁春秋,丁春秋,王语嫣,2.8867902703999997
乌老大,乌老大,王语嫣,1.1988159553999997
云中鹤,云中鹤,王语嫣,1.6969790685
刘鹤真,刘鹤真,胡斐,0.5772349841000001
吴劲草,吴劲草,赵敏,0.4686427144
哲罗星,哲罗星,波罗星,1.0985703363
天竺僧,天竺僧,杨过,0.16681562383
宋长老,宋长老,阿朱,0.6213263791999999
完颜洪烈,完颜洪烈,黄蓉,2.267756040600001
完颜洪熙,完颜洪熙,黄蓉,0.4421314241300001
封万里,封万里,石破天,0.5661896693
小昭,小昭,赵敏,0.98390621628
常遇春,常遇春,赵敏,0.9449319220999997
常金鹏,常金鹏,殷素素,0.8700099990000001
平四,平四,胡斐,0.19394795099000006
张松溪,张松溪,赵敏,1.6660927758999995
施琅,施琅,韦小宝,1.5431138754
曲傻姑,曲傻姑,黄蓉,0.005138917210000001
木婉清,木婉清,王语嫣,1.8874628488000005
札木合,札木合,黄蓉,0.8589923992499999
术赤,术赤,术赤,0.79550198051
朱子柳,朱子柳,杨过,1.29835075276
杨康,杨康,黄蓉,1.89324197944
武三通,武三通,杨过,0.9698459108899998
段誉,段誉,王语嫣,15.921481112399999
殷离,殷离,赵敏,0.5925090659800001
殷素素,殷素素,殷素素,3.11305750239
殷野王,殷野王,赵敏,0.6843597092000001
波罗星,波罗星,波罗星,0.8638384213999998
游坦之,游坦之,阿紫,1.9091086321
玄寂,玄寂,王语嫣,0.8407808525
玄慈,玄慈,王语嫣,1.9575715853
玄难,玄难,王语嫣,1.981655455
王处一,王处一,黄蓉,1.1181203359399998
王道,王道,黄蓉,1.0647813442899998
穆念慈,穆念慈,黄蓉,0.75510817704
索额图,索额图,韦小宝,2.6855649316000005
胖头陀,胖头陀,韦小宝,1.7017940658
虚竹,虚竹,王语嫣,8.4456867292
达尔巴,达尔巴,杨过,0.9561779300500002
铁木真,铁木真,黄蓉,1.9932276099000006
阎基,阎基,胡斐,0.49021749080000004
阿紫,阿紫,阿紫,4.9741302898
韩小莹,韩小莹,黄蓉,1.4266216337599997
韩林儿,韩林儿,赵敏,0.4260936035
马钰,马钰,黄蓉,1.4513705965
鹿杖客,鹿杖客,赵敏,1.1388951474499995
无青子,无青子,胡斐,0.47278851870000005
书僮,书僮,陈家洛,0.5466484178399998
大智禅师,大智禅师,胡斐,0.3950991139
孙克通,孙克通,陈家洛,0.04685504049999999
安健刚,安健刚,陈家洛,0.8381060485000003
张安官,张安官,陈家洛,0.020434654400000002
无尘道人,无尘道人,陈家洛,0.3904128865000001
李可秀,李可秀,陈家洛,1.5999064800000005
杨成协,杨成协,陈家洛,1.0575519793
汪浩天,汪浩天,陈家洛,0.19917524923000005
马大挺,马大挺,陈家洛,0.29104356549999993
马敬侠,马敬侠,胡斐,0.17946909310000003
曾图南,曾图南,陈家洛,0.43787723520000005
云鹤,云鹤,张三丰,0.87206041313
殷无禄,殷无禄,殷无福,0.4431155701100001
殷无福,殷无福,殷无福,0.5892449071499998
祁天彪,祁天彪,张无忌,0.4067019922000001
莫声谷,莫声谷,赵敏,1.2101929763000003
宫九佳,宫九佳,张三丰,0.34110813330000006
胡德第,胡德第,韦小宝,0.02123324553
姚清泉,姚清泉,赵敏,0.21018333799999997
朱九真,朱九真,赵敏,1.0432299799199998
朱长龄,朱长龄,赵敏,0.8426160467300001
蒋涛,蒋涛,殷素素,0.4726881246
西华子,西华子,殷素素,1.1123164382000004
贺老三,贺老三,殷素素,0.0274793038
静玄师太,静玄师太,赵敏,0.32219650975
倪浩,倪浩,袁承志,0.8698109466
冯同知,冯同知,袁承志,0.36147536939999997
丁游,丁游,袁承志,0.12093649050000001
吴六奇,吴六奇,韦小宝,1.2794649243999998
吴立身,吴立身,韦小宝,0.9414660107999998
多尔衮,多尔衮,袁承志,0.7568868475799998
多隆,多隆,韦小宝,0.6797731532000001
孙仲寿,孙仲寿,袁承志,2.1309788863
孙思克,孙思克,韦小宝,0.4728834595
孟伯飞,孟伯飞,袁承志,1.0943764071000002
孟铮,孟铮,袁承志,0.5523155313000001
孟铸,孟铸,袁承志,0.3093836177
小桂子,小桂子,韦小宝,1.9796884596000004
崔秋山,崔秋山,袁承志,1.4495542501299998
应松,应松,袁承志,0.7287374206999999
张若谷,张若谷,归辛树,0.27034012189999995
木桑道长,木桑道长,袁承志,0.19397556961000004
朱安国,朱安国,袁承志,1.3555638259
李力世,李力世,韦小宝,1.2694763032
柳大洪,柳大洪,韦小宝,0.7459670018999999
沐剑声,沐剑声,韦小宝,0.6352558282999999
焦公礼,焦公礼,袁承志,1.2906970516000003
瘦头陀,瘦头陀,韦小宝,0.5807782784
皇太后,皇太后,韦小宝,1.21502502413
皇太极,皇太极,袁承志,1.6161887796299998
穆人清,穆人清,袁承志,1.1882767494000002
罗大千,罗大千,袁承志,0.5430318527999999
罗立如,罗立如,袁承志,0.6692552116000001
胡桂南,胡桂南,袁承志,1.34784333883
董开山,董开山,袁承志,0.5633139376
郑起云,郑起云,袁承志,0.8878266498
钱老本,钱老本,韦小宝,1.3158533503
闵子华,闵子华,袁承志,1.400907115
陶红英,陶红英,韦小宝,0.23101505849999998
风际中,风际中,韦小宝,1.0658250857
马超兴,马超兴,韦小宝,0.6807933825
李自成,李自成,韦小宝,2.2571494271
巴天石,巴天石,王语嫣,1.7906907989999998
慧观,慧观,慧观,0.4007639354000001
段正淳,段正淳,王语嫣,4.0269701753
秦红棉,秦红棉,王语嫣,0.8184068911999999
过彦之,过彦之,过彦之,0.593695879
崔百泉,崔百泉,过彦之,1.0136175056
慧真,慧真,慧观,0.4007008047
小玲,小玲,赵敏,0.19036526563
小翠,小翠,石破天,0.16207659463000001
小虹,小虹,赵敏,0.19036526563
徐达,徐达,赵敏,0.9199286667000002
陈友谅,陈友谅,赵敏,1.8581950256999997
全冠清,全冠清,阿朱,1.6263195756
奚长老,奚长老,阿朱,0.2688349101
季长老,季长老,赵敏,0.15798470165000003
徐长老,徐长老,阿朱,1.2854369925000002
成昆,成昆,赵敏,1.1809108853000003
王语嫣,王语嫣,王语嫣,4.8112027341
白世镜,白世镜,王语嫣,0.9096236600000001
赵钱孙,赵钱孙,赵钱孙,2.00526826215
郑长老,郑长老,赵敏,0.27179962755
阿朱,阿朱,阿朱,3.872174273199999
马夫人,马夫人,王语嫣,0.8434539711999999
刘敖,刘敖,赵敏,0.0260443302
吴长风,吴长风,阿朱,0.2453667763
张全祥,张全祥,阿朱,0.035934715
武烈,武烈,赵敏,0.4195140902000001
武青婴,武青婴,赵敏,0.66991868477
申志凡,申志凡,杨过,0.10291485322999996
矮老者,矮老者,赵敏,0.6021309068
华筝,华筝,黄蓉,1.00918629853
博尔忽,博尔忽,黄蓉,0.6096831095999999
博尔术,博尔术,黄蓉,0.74300293728
拖雷,拖雷,黄蓉,2.1082526966799997
木华黎,木华黎,黄蓉,0.6470758104
李志常,李志常,杨过,0.7361750253399998
桑昆,桑昆,黄蓉,0.96827136575
王罕,王罕,黄蓉,0.9618349879300001
窝阔台,窝阔台,黄蓉,1.18396384792
者勒米,者勒米,黄蓉,0.41738471534
蒙哥,蒙哥,黄蓉,0.15106688250000003
赤老温,赤老温,黄蓉,0.2919969371
都史,都史,黄蓉,0.4616610997500001
全金发,全金发,黄蓉,1.19684993153
察合台,察合台,术赤,0.73219832203
张三,张三,李四,1.7854095025500003
李四,李四,李四,1.21038480251
吕正平,吕正平,范一飞,0.7132534085
尤得胜,尤得胜,李四,0.060783092299999994
廖自砺,廖自砺,石破天,0.5746055731999999
慕容复,慕容复,王语嫣,4.067259204100001
木岛主,木岛主,龙岛主,0.4567581353
梁自进,梁自进,齐自勉,0.7687521102999999
灵虚,灵虚,石破天,0.08456862713
胡青牛,胡青牛,赵敏,1.4877622186800004
范一飞,范一飞,范一飞,1.0102060358
贝海石,贝海石,石破天,1.8636953806
郑光芝,郑光芝,龙岛主,0.2113729112
风良,风良,范一飞,0.6469695443000001
齐自勉,齐自勉,齐自勉,0.8323692363999999
龙岛主,龙岛主,龙岛主,1.1811568633
妙风使,妙风使,赵敏,0.5236695701
泉建男,泉建男,殷素素,0.024941016800000004
流云使,流云使,赵敏,0.34701054929999997
辉月使,辉月使,赵敏,0.4175668054999999
高三娘子,高三娘子,范一飞,0.7953775063
司徒横,司徒横,石破天,0.05995583349999999
中年武师,中年武师,胡斐,0.2029612516
何思豪,何思豪,胡斐,0.5264825976000002
孙伏虎,孙伏虎,杨宾,0.9792164360000001
尉迟连,尉迟连,杨宾,0.5022049292
杨宾,杨宾,杨宾,0.8953965599999999
袁紫衣,袁紫衣,胡斐,2.9419611237
刘处玄,刘处玄,黄蓉,0.41530674454
孙不二,孙不二,黄蓉,0.6796552381000001
孙婆婆,孙婆婆,杨过,0.7394420545500001
宋德方,宋德方,杨过,0.30239024485
尹志平,尹志平,杨过,2.09967662274
张志光,张志光,杨过,0.12439753238999998
彭连虎,彭连虎,沙通天,1.16650964673
沙通天,沙通天,沙通天,0.9888544934499999
王志坦,王志坦,杨过,0.6274664141499999
祁志诚,祁志诚,杨过,0.21998815149000003
程瑶迦,程瑶迦,黄蓉,0.48998641363000006
谭处端,谭处端,黄蓉,0.362529516
赵志敬,赵志敬,杨过,2.21740850896
郝大通,郝大通,黄蓉,0.7667586642000002
鹿清笃,鹿清笃,杨过,0.3585716252
完颜萍,完颜萍,杨过,0.6625225206800001
耶律楚材,耶律楚材,杨过,0.28826498697
耶律晋,耶律晋,杨过,0.2011726208
耶律燕,耶律燕,杨过,0.30568509727
包惜弱,包惜弱,郭啸天,0.8531612926599998
南仁通,南仁通,胡斐,0.25413648839999997
呼巴音,呼巴音,韦小宝,0.0434153053
孙老三,孙老三,陈家洛,0.1972294951
尼摩星,尼摩星,潇湘子,0.8353281517
李莫愁,李莫愁,杨过,2.6787756047999993
桑结,桑结,韦小宝,0.7692427531999999
童兆和,童兆和,陈家洛,1.3026285149999999
胡一刀,胡一刀,胡斐,1.1424472720999999
苏习之,苏习之,詹春,0.2930022917
补锅匠,补锅匠,胡斐,0.6314892729999999
詹春,詹春,詹春,0.5647850088999999
钱正伦,钱正伦,陈家洛,0.5940985101999999
鲍千灵,鲍千灵,阿朱,0.6555338862
公孙止,公孙止,杨过,0.9707572317300002
武修文,武修文,杨过,1.08951497773
武敦儒,武敦儒,杨过,0.56322866749
裘千尺,裘千尺,杨过,1.4210954510000002
公孙绿萼,公孙绿萼,杨过,0.09119436764
店伴,店伴,杨过,0.9957794462800001
张二叔,张二叔,杨过,0.0046407111
忽必烈,忽必烈,黄蓉,1.5468804607500004
林朝英,林朝英,杨过,0.05295460215
灵智上人,灵智上人,黄蓉,0.4094291729
点苍渔隐,点苍渔隐,杨过,0.06900597157
藏边五丑,藏边五丑,杨过,0.024675398049999995
卫璧,卫璧,赵敏,0.6456873628199999
圣因师太,圣因师太,黄蓉,0.6323677643
张一氓,张一氓,黄蓉,0.7352901267199999
张君宝,张君宝,潇湘子,0.59770293432
武三娘,武三娘,杨过,0.49133286975
童大海,童大海,黄蓉,0.046005297460000004
陆二娘,陆二娘,杨过,0.300557313
韩无垢,韩无垢,黄蓉,0.46296768692
洪凌波,洪凌波,杨过,0.137239879
蓝天和,蓝天和,杨过,0.03921743768
丁大全,丁大全,陈大方,1.1224447926999999
人厨子,人厨子,黄蓉,0.6506903865600001
卫天望,卫天望,杨过,0.51242903465
天鸣方丈,天鸣方丈,杨过,0.18754467519999998
宋五,宋五,杨过,0.25673031830000004
小棒头,小棒头,杨过,0.12623641681
方天劳,方天劳,杨过,0.53169604713
无相禅师,无相禅师,杨过,0.2996753147
杨夫人,杨夫人,袁冠南,0.33472860343000005
潘天耕,潘天耕,杨过,0.706271764
王惟忠,王惟忠,陈大方,0.8618325228999999
百草仙,百草仙,黄蓉,0.6950884320199999
觉远,觉远,杨过,0.7145462951400003
觉远大师,觉远大师,赵敏,0.20758952356000004
郭破虏,郭破虏,杨过,0.030761589349999997
陈大方,陈大方,陈大方,0.9606961529
青灵子,青灵子,杨过,0.05256561
冯默风,冯默风,杨过,0.14830070729
柔儿,柔儿,杨过,0.048107323589999994
公冶乾,公冶乾,风波恶,1.5882747197999996
包不同,包不同,风波恶,2.6909600915999996
慕容景岳,慕容景岳,胡斐,0.6636248055000001
晴画,晴画,陈家洛,0.1403968062
本因,本因,王语嫣,1.9181049586999999
杨不悔,杨不悔,赵敏,1.5432161668000004
渡厄,渡厄,赵敏,1.2269725015499997
渡难,渡难,赵敏,0.44190687449999994
班淑娴,班淑娴,赵敏,0.8157157615
瑞芳,瑞芳,陈家洛,0.1768337173
白振,白振,陈家洛,1.9434772607000002
石万嗔,石万嗔,胡斐,0.7763264324000001
薛慕华,薛慕华,王语嫣,1.1463081604999998
邓百川,邓百川,风波恶,1.6814743720000003
阳顶天,阳顶天,赵敏,0.29754370495
韩千叶,韩千叶,赵敏,0.0263551583
风波恶,风波恶,风波恶,1.4925541835000002
子聪,子聪,黄蓉,0.02808641303
神山上人,神山上人,王语嫣,0.7303779393000001
崔志方,崔志方,杨过,0.04498551222
陈玄风,陈玄风,黄蓉,0.33573641518999997
彭长老,彭长老,黄蓉,0.5287781061299999
空性,空性,赵敏,0.9078412959
大苦,大苦,陈家洛,0.49491586438
阿根,阿根,杨过,0.06402327614
范骅,范骅,王语嫣,0.9715655375
华赫艮,华赫艮,王语嫣,0.6236817649999999
本相,本相,王语嫣,0.5462148071299998
王十三,王十三,杨过,0.0010986596
瘦丐,瘦丐,黄蓉,0.29682349913999995
胖丐,胖丐,黄蓉,0.17566275186999994
萨多,萨多,杨过,0.037730294930000005
樊纲,樊纲,韦小宝,1.1240811737
玄生,玄生,王语嫣,0.5182095567999999
王难姑,王难姑,赵敏,0.3484033776000001
白龟寿,白龟寿,殷素素,0.8907065645
薛鹊,薛鹊,胡斐,0.8181716584000001
鲜于通,鲜于通,赵敏,0.53636054555
教士,教士,韦小宝,0.5957365890399999
侯通海,侯通海,黄蓉,0.8890954115
南希仁,南希仁,黄蓉,0.72341544246
张阿生,张阿生,黄蓉,0.6261954595899999
李萍,李萍,黄蓉,0.45487647339
枯木,枯木,黄蓉,0.28516171305
欧阳克,欧阳克,黄蓉,1.0256934786
简长老,简长老,黄蓉,0.40564715403
姜小铁,姜小铁,胡斐,0.113808194
姜铁山,姜铁山,胡斐,0.6911546657000001
狄云,狄云,狄云,8.347966090799998
王铁匠,王铁匠,胡斐,0.22083541520000002
辛然,辛然,赵敏,0.1694853665
黄二毛子,黄二毛子,袁承志,0.0148930613
丁典,丁典,狄云,2.2919017495999996
刘芳亮,刘芳亮,袁承志,0.6894301305999999
张信,张信,杨鹏举,0.20585712739999998
张康,张康,杨鹏举,0.61339514268
张朝唐,张朝唐,杨鹏举,1.3243436529
田见秀,田见秀,袁承志,0.28803006830000005
杨鹏举,杨鹏举,杨鹏举,0.9062093673
张康年,张康年,韦小宝,1.031555344
赵齐贤,赵齐贤,韦小宝,1.0189423013
卓天雄,卓天雄,袁冠南,1.1821849345000002
周威信,周威信,袁冠南,0.7551078323
常长风,常长风,逍遥子,0.60208018
杨中慧,杨中慧,袁冠南,0.117981863
林玉龙,林玉龙,林玉龙,1.3141124875999997
盖一鸣,盖一鸣,逍遥子,1.1628465486000001
花剑影,花剑影,逍遥子,0.6471290345999999
萧中慧,萧中慧,袁冠南,1.633139015
萧半和,萧半和,袁冠南,0.8055824451000001
袁冠南,袁冠南,袁冠南,1.0477503564000001
逍遥子,逍遥子,逍遥子,0.7184575008000001
任飞燕,任飞燕,林玉龙,1.3021486918999998
古笃诚,古笃诚,王语嫣,0.37080383510000003
叶二娘,叶二娘,王语嫣,1.1230515123
朱丹臣,朱丹臣,王语嫣,1.6438541792000008
段延庆,段延庆,王语嫣,1.7436336099
褚万里,褚万里,王语嫣,0.6609693018000001
钟万仇,钟万仇,王语嫣,1.1919592799000003
阮星竹,阮星竹,王语嫣,0.6827637934
高升泰,高升泰,王语嫣,0.5407980181000002
殷无寿,殷无寿,殷无福,0.40606030975
卫四娘,卫四娘,殷素素,0.3606581955
唐文亮,唐文亮,赵敏,0.63871279105
封坛主,封坛主,殷素素,0.3500097298
圆业,圆业,殷素素,0.50020205913
圆心,圆心,殷素素,0.18511720923000002
元广波,元广波,赵敏,0.1546661763
圆音,圆音,殷素素,0.5253987012499999
孟正鸿,孟正鸿,殷素素,0.0376030178
曾柔,曾柔,韦小宝,0.7498034629799999
程坛主,程坛主,殷素素,0.30883627320000007
简捷,简捷,赵敏,0.5883575863000001
过三拳,过三拳,赵敏,0.3485690799
阿三,阿三,赵敏,0.33061835456000005
静虚师太,静虚师太,殷素素,0.5281966072300001
高则成,高则成,殷素素,0.4147987452
麦少帮主,麦少帮主,殷素素,0.2350392391
麦鲸,麦鲸,赵敏,0.41906828580000005
苏梦清,苏梦清,赵敏,0.034783569
五姑,五姑,赵敏,0.27170747790000005
梁子翁,梁子翁,黄蓉,0.8741950635
沈青刚,沈青刚,黄蓉,0.38720366999999994
简管家,简管家,黄蓉,0.0671794478
钱青健,钱青健,黄蓉,0.34253389567000003
马青雄,马青雄,黄蓉,0.40401877806000003
黎生,黎生,黄蓉,0.3643500903
汤祖德,汤祖德,黄蓉,0.042066986939999995
天竺僧人,天竺僧人,黄蓉,0.10717764769999999
慧方,慧方,王语嫣,0.3160659762
李秋水,李秋水,王语嫣,0.5335519439
玄痛,玄痛,王语嫣,0.33110052430000003
玄苦,玄苦,阿朱,0.4122129697000001
神音,神音,波罗星,0.112150354
萧远山,萧远山,萧远山,0.5532916293999999
吴坎,吴坎,狄云,1.087073927
戚芳,戚芳,狄云,2.1713433252
万震山,万震山,狄云,1.8996008138000002
水岱,水岱,狄云,0.5624767869999999
水笙,水笙,狄云,1.9689216688999998
花铁干,花铁干,狄云,1.3593697436000003
血刀老祖,血刀老祖,狄云,0.5933022579
陆天抒,陆天抒,狄云,0.3226820675
沈城,沈城,狄云,0.658017035
冯坦,冯坦,狄云,0.4123860387
凌退思,凌退思,狄云,1.2222250483000001
卜垣,卜垣,狄云,0.887226979
周圻,周圻,狄云,0.6073687081
孙均,孙均,狄云,0.5958893695
戚长发,戚长发,狄云,0.5742532989999999
桃红,桃红,狄云,0.13238678548000002
空心菜,空心菜,狄云,0.320384198
言达平,言达平,狄云,0.6696930285
鲁坤,鲁坤,狄云,0.681259693
凌霜华,凌霜华,狄云,0.0092200084
刘乘风,刘乘风,狄云,0.308587834
马大鸣,马大鸣,狄云,0.252787599
汪啸风,汪啸风,狄云,0.2737847943
鱼贩头子,鱼贩头子,狄云,0.5033745782
宝象和尚,宝象和尚,狄云,0.0060753544
水福,水福,狄云,0.2511248594
菊友,菊友,狄云,0.05882353
卓不凡,卓不凡,王语嫣,0.43760465769999995
天山童姥,天山童姥,王语嫣,0.3849985139999999
崔绿华,崔绿华,王语嫣,0.13168551180000002
无崖子,无崖子,王语嫣,0.42241292890000004
桑土公,桑土公,王语嫣,0.30998181360000004
段正明,段正明,王语嫣,0.19075177550000003
符敏仪,符敏仪,王语嫣,0.6763480164
苏星河,苏星河,王语嫣,1.009855078
冯阿三,冯阿三,王语嫣,0.5834377073
吴领军,吴领军,王语嫣,0.4883261465
康广陵,康广陵,王语嫣,0.9410383757999997
慧净,慧净,王语嫣,0.06445202559999999
李傀儡,李傀儡,王语嫣,0.5330258764
梅剑,梅剑,王语嫣,0.8326452178500003
游驹,游驹,阿朱,0.4246105177
游骥,游骥,阿朱,0.42735096389999994
石清露,石清露,王语嫣,0.37571544760000003
苟读,苟读,王语嫣,0.3784515615000001
范百龄,范百龄,王语嫣,0.8229701267999999
菊剑,菊剑,王语嫣,0.9106416012000003
不平道人,不平道人,王语嫣,0.6126920590999999
云岛主,云岛主,王语嫣,0.014344041399999998
余婆婆,余婆婆,王语嫣,0.3881884315
兰剑,兰剑,王语嫣,0.6400609048000001
哈大霸,哈大霸,王语嫣,0.06575488160000001
宗赞王子,宗赞王子,王语嫣,0.0241880986
左子穆,左子穆,王语嫣,1.3320180511000002
梦姑,梦姑,王语嫣,0.1603154182
石嫂,石嫂,王语嫣,0.9512769837
程青霜,程青霜,王语嫣,0.2373915084
缘根,缘根,王语嫣,0.10407824149999999
耶律洪基,耶律洪基,阿紫,0.27984194149999997
辛双清,辛双清,王语嫣,0.46911406560000013
钟灵,钟灵,王语嫣,1.9132220041999997
刀白凤,刀白凤,王语嫣,0.45611244889999997
姚伯当,姚伯当,王语嫣,0.30998322190000005
易大彪,易大彪,风波恶,0.2442087998
止清,止清,阿朱,0.10093638799999999
甘宝宝,甘宝宝,王语嫣,0.4977490266999999
端木元,端木元,王语嫣,0.1284446437
赫连铁树,赫连铁树,王语嫣,0.3228971156
阿碧,阿碧,阿朱,1.0033212098000002
黎夫人,黎夫人,王语嫣,0.22066938760000002
司空玄,司空玄,王语嫣,1.1396723499
吴光胜,吴光胜,王语嫣,0.8259800666
郁光标,郁光标,王语嫣,1.0431963119999998
傅思归,傅思归,段誉,0.380834894
马五德,马五德,王语嫣,0.2604682879
瑞婆婆,瑞婆婆,王语嫣,0.3857187301
摘星子,摘星子,阿紫,1.1573337866000002
贾老者,贾老者,王语嫣,0.0151934468
容子矩,容子矩,王语嫣,0.1633047002
岳老三,岳老三,王语嫣,0.10531236279999998
平婆婆,平婆婆,王语嫣,0.30709520640000004
龚光杰,龚光杰,王语嫣,0.4025926916
司马林,司马林,王语嫣,0.4723477149999999
姜师叔,姜师叔,王语嫣,1.0313162023
努儿海,努儿海,王语嫣,0.1587561146
葛光佩,葛光佩,王语嫣,0.2012616951
本观,本观,王语嫣,0.5951511226999999
本参,本参,王语嫣,0.6031805425999999
枯荣长老,枯荣长老,王语嫣,0.010526316
孟师叔,孟师叔,王语嫣,0.33333334
诸保昆,诸保昆,王语嫣,0.8547169545000001
阿洪,阿洪,王语嫣,0.026861050199999997
阿胜,阿胜,王语嫣,0.039070934
智光大师,智光大师,阿朱,0.5236847896000001
天狼子,天狼子,阿紫,0.020155905399999997
兆惠,兆惠,陈家洛,1.6076060676000004
木卓伦,木卓伦,陈家洛,1.6173303823999998
单正,单正,阿朱,1.4562744983
谭青,谭青,王语嫣,0.0423373904
太皇太后,太皇太后,韦小宝,1.14136705028
严妈妈,严妈妈,王语嫣,0.0270205653
刘竹庄,刘竹庄,阿朱,1.1267498399
唐光雄,唐光雄,王语嫣,0.011088094199999999
幽草,幽草,阿朱,0.0317990891
李春来,李春来,阿朱,0.148506337
来福儿,来福儿,王语嫣,0.0027838757999999997
黄眉和尚,黄眉和尚,王语嫣,0.0003894081
吕留良,吕留良,韦小宝,1.0399414944999998
温青,温青,袁承志,1.5556902278000002
袁夫人,袁夫人,袁冠南,0.542664692
顾炎武,顾炎武,韦小宝,1.3514570805
黄宗羲,黄宗羲,韦小宝,0.32606472731
展飞,展飞,石破天,1.0711724354999999
侍剑,侍剑,石破天,0.9331429863999999
杨光,杨光,闵柔,0.0643169791
丁不四,丁不四,石破天,2.5383368030999995
呼延万善,呼延万善,石破天,0.6138342383000001
柯万钧,柯万钧,闵柔,0.515540596
汪万翼,汪万翼,闵柔,0.3513016774999999
王万仞,王万仞,闵柔,0.9486101074
米横野,米横野,石破天,0.24644136149999998
花万紫,花万紫,石破天,0.9543280587
谢烟客,谢烟客,石破天,2.2660129712999995
闻万夫,闻万夫,石破天,0.4104975796
陈冲之,陈冲之,石破天,0.5609556339
梅文馨,梅文馨,石破天,0.2526968695
梅芳姑,梅芳姑,石破天,0.3705794905
李万山,李万山,石破天,0.008403362
孙万年,孙万年,褚万春,0.4768147053
褚万春,褚万春,褚万春,0.4768147053
丑脸汉子,丑脸汉子,石破天,0.464827593
大悲老人,大悲老人,石破天,0.9131572403
黄面道人,黄面道人,石破天,0.2124137964
温仁厚,温仁厚,石破天,0.0294616892
王老六,王老六,胡斐,0.005680052
吴道通,吴道通,闵柔,0.8579933823
邱山风,邱山风,石破天,0.09316770499999999
安奉日,安奉日,闵柔,0.5330522188999999
出尘子,出尘子,阿紫,0.1461962736
狮鼻子,狮鼻子,阿紫,0.024302707700000002
白脸人,白脸人,黄须人,0.3409502653
纳斯尔丁,纳斯尔丁,陆菲青,0.1590738482
罗信,罗信,陈家洛,0.299365014
胖妇人,胖妇人,石破天,0.0116737013
胡老爷,胡老爷,陈家洛,0.24428828055
贝人龙,贝人龙,陈家洛,0.3731895746
陆高轩,陆高轩,韦小宝,1.2807522121000001
黄须人,黄须人,黄须人,0.2997111033
冷谦,冷谦,赵敏,0.46243947069999997
唐洋,唐洋,赵敏,0.011148442100000001
孙三毁,孙三毁,赵敏,0.73401938373
寿南山,寿南山,赵敏,0.016379372
李四摧,李四摧,赵敏,0.75255226133
王保保,王保保,赵敏,0.5702300531
闻苍松,闻苍松,赵敏,0.05304434699999999
耶律涅鲁古,耶律涅鲁古,耶律重元,1.0
耶律重元,耶律重元,耶律重元,1.0
刘之余,刘之余,胡斐,0.025478165100000002
欧阳公政,欧阳公政,胡斐,0.6159183997
黄希节,黄希节,胡斐,0.1914108246
姬晓峰,姬晓峰,胡斐,0.5219553497
蔡威,蔡威,胡斐,0.5085810745000001
吕小妹,吕小妹,陈家洛,0.31601091143
商宝震,商宝震,胡斐,1.5210363486000003
孙刚峰,孙刚峰,陈家洛,0.3871306064
平阿四,平阿四,胡斐,0.5243392230999999
田归农,田归农,胡斐,2.6715117671999993
陈禹,陈禹,陈家洛,0.81399309593
任通武,任通武,胡斐,0.13040237999999998
王掌柜,王掌柜,胡斐,0.0302776663
相国夫人,相国夫人,胡斐,0.2735699406
聂钺,聂钺,胡斐,0.0904832653
宝树,宝树,胡斐,1.0934905474299998
苗若兰,苗若兰,胡斐,1.4082988909999998
范帮主,范帮主,赛总管,0.6616777881999999
钟兆文,钟兆文,胡斐,0.8043771733
钟兆能,钟兆能,胡斐,0.3285584757
钟兆英,钟兆英,胡斐,0.689589565
童怀道,童怀道,胡斐,0.3125659991
崔百胜,崔百胜,胡斐,0.2539466234
易吉,易吉,胡斐,0.06437909910000002
曹猛,曹猛,胡斐,0.3073364539
蓝秦,蓝秦,胡斐,0.4894429893
褚轰,褚轰,胡斐,0.0517040496
木文察,木文察,胡斐,0.06716132229999999
刘元鹤,刘元鹤,陶子安,0.98486462793
南兰,南兰,胡斐,0.0795924224
曹云奇,曹云奇,陶子安,2.0126933027000002
杜希孟,杜希孟,胡斐,0.16006267600000001
于管家,于管家,胡斐,0.3797882031
熊元献,熊元献,陶子安,1.61728619743
琴儿,琴儿,胡斐,0.28329671302
田青文,田青文,陶子安,0.8943449883
郑三娘,郑三娘,陶子安,0.567899351
陶子安,陶子安,陶子安,1.0901897879
陶百岁,陶百岁,陶子安,0.9575318784999999
张飞雄,张飞雄,胡斐,0.0556354361
殷吉,殷吉,陶子安,0.5728389508
胡夫人,胡夫人,胡斐,0.12463441785999999
蒋调侯,蒋调侯,胡斐,0.0093896715
赛总管,赛总管,赛总管,0.4494658013
凤一鸣,凤一鸣,胡斐,0.0088876579
俞朝奉,俞朝奉,胡斐,0.1444181631
凤七,凤七,胡斐,0.25323139170000003
司徒雷,司徒雷,胡斐,0.006564194299999999
周云阳,周云阳,陶子安,0.7169628911999999
周隆,周隆,胡斐,0.2085031282
李廷豹,李廷豹,胡斐,0.0929759774
王师兄,王师兄,胡斐,0.04375064580000001
瘦商人,瘦商人,胡斐,0.4302418086
胖商人,胖商人,胡斐,0.5022271716
蛇皮张,蛇皮张,胡斐,0.0032291756
邝宝官,邝宝官,胡斐,0.0005567929
彼得,彼得,韦小宝,1.15726772443
祖大寿,祖大寿,袁承志,0.1453251304
胡逸之,胡逸之,韦小宝,0.1569039374
若克琳,若克琳,韦小宝,0.1833023159
钱通四,钱通四,袁承志,0.5561235965
陈圆圆,陈圆圆,韦小宝,0.6889973642000001
呼音克,呼音克,陈家洛,0.020097143799999998
天镜,天镜,陈家洛,0.6138933536
袁枚,袁枚,陈家洛,0.7007840049999999
张总管,张总管,胡斐,0.04620662528
平旺先,平旺先,陈家洛,0.26371770950000006
刘宗敏,刘宗敏,袁承志,0.34046109520000006
平等宝树王,平等宝树王,赵敏,0.05953923866
车尔库,车尔库,车尔库,1.4452106767000001
阿曼,阿曼,苏普,1.6408029549999998
苏鲁克,苏鲁克,车尔库,1.3893285094
马家骏,马家骏,苏普,0.10366943599999999
桑斯,桑斯,苏普,0.0241913655
瓦尔拉齐,瓦尔拉齐,韦小宝,0.0200725828
胡老三,胡老三,袁承志,0.1571437997
九难,九难,韦小宝,0.6127657885000002
侯飞文,侯飞文,袁承志,0.1250821346
安剑清,安剑清,袁承志,0.14975399849999999
宋献策,宋献策,袁承志,0.09728490023
洞玄,洞玄,袁承志,0.6345679346
齐云,齐云,袁承志,0.4675866972
龙德邻,龙德邻,袁承志,0.3723190666999999
范文程,范文程,袁承志,0.27468752330000007
宁完我,宁完我,袁承志,0.47643368999999997
单铁生,单铁生,袁承志,0.48591151239999997
岑其斯,岑其斯,袁承志,0.2014891726
温方义,温方义,袁承志,1.0813642278
温方悟,温方悟,袁承志,0.6922131660000002
潘秀达,潘秀达,袁承志,0.29462969769999997
万里风,万里风,袁承志,0.1185699788
史秉光,史秉光,袁承志,0.37070945480000006
史秉文,史秉文,袁承志,0.3176725745
吴平,吴平,袁承志,0.373644151
水云道人,水云道人,袁承志,0.16880623360000002
杨景亭,杨景亭,袁承志,0.1677050916
水鉴,水鉴,袁承志,0.2612093556
荣彩,荣彩,袁承志,0.5943024018
谭文理,谭文理,袁承志,0.17954574979999996
夏雪宜,夏雪宜,袁承志,0.14981801570000003
小菊,小菊,袁承志,0.067753057
温正,温正,袁承志,0.38931281570000004
晦聪禅师,晦聪禅师,韦小宝,0.20437871473
沙老大,沙老大,袁承志,0.40654481770000006
鲍承先,鲍承先,袁承志,0.45590824
老李,老李,袁承志,0.1041762439
杰书,杰书,韦小宝,0.36440271743
秦栋,秦栋,袁承志,0.010671494799999999
马公子,马公子,袁承志,0.5125430625
乌旺阿普,乌旺阿普,赵敏,0.04987796515
乔寨主,乔寨主,黄蓉,0.041221319150000005
夏国相,夏国相,韦小宝,0.28529125369999997
方东白,方东白,赵敏,0.105215898
建宁公主,建宁公主,韦小宝,0.45744510530000004
西门观止,西门观止,袁承志,0.007633588
李西华,李西华,韦小宝,0.28714943919999997
卜泰,卜泰,赵敏,0.33849805482999995
郝密,郝密,赵敏,0.33849805482999995
庄铮,庄铮,赵敏,0.07903492696
吴祯,吴祯,赵敏,0.3304087392
吴良,吴良,赵敏,0.37150073240000003
花云,花云,赵敏,0.36550618500000004
茅十八,茅十八,韦小宝,1.5674452235000003
邓愈,邓愈,赵敏,0.50392905901
张中,张中,赵敏,0.10267438526
赵一伤,赵一伤,赵敏,0.6014973720100001
钱二败,钱二败,赵敏,0.6017483553500002
小凤,小凤,赵敏,0.26052671969999996
周牧,周牧,闵柔,0.9015625564999998
胡青羊,胡青羊,赵敏,0.056394974460000004
易三娘,易三娘,赵敏,0.7987583260500001
邵鹤,邵鹤,赵敏,0.4111986717
马法通,马法通,赵敏,0.4427556897
察罕特穆尔,察罕特穆尔,赵敏,0.020638281
摩诃巴思,摩诃巴思,赵敏,0.0185704797
邵燕,邵燕,赵敏,0.15960801583
吴六破,吴六破,赵敏,0.47506841888000007
周五输,周五输,赵钱孙,0.4292650853
哈总管,哈总管,赵敏,0.15438857849999998
王八衰,王八衰,赵敏,0.4292650853
郑七灭,郑七灭,韦小宝,0.4292650853
乔福,乔福,赵敏,0.2308263966
杜百当,杜百当,赵敏,0.5719618829500001
俱明宝树王,俱明宝树王,赵敏,0.50023860653
太虚子,太虚子,赵敏,0.00099446443
常胜宝树王,常胜宝树王,赵敏,0.00023860653
马齐,马齐,韦小宝,0.24294513398999998
齐心宝树王,齐心宝树王,赵敏,0.50023860653
吴国栋,吴国栋,陈家洛,0.8047180478499999
宋善朋,宋善朋,陈家洛,0.2133612954
温有方,温有方,韦小宝,0.46954944763
邓炳春,邓炳春,韦小宝,0.0753354577
佟国纲,佟国纲,韦小宝,0.7258320897999999
刚相,刚相,赵敏,0.0023474179
德成,德成,赵敏,0.0046948357
单伯山,单伯山,阿朱,0.3090839161
单叔山,单叔山,阿朱,0.1909999623
姜文,姜文,韦小宝,0.180071991
盖运聪,盖运聪,郭啸天,0.180071991
元澄道人,元澄道人,闵柔,0.4471606653
冯振武,冯振武,闵柔,0.4785597593
李大元,李大元,闵柔,0.0671882513
单季山,单季山,阿朱,0.3890734844
单小山,单小山,阿朱,0.2331663425
朴者和尚,朴者和尚,阿朱,0.0279111233
祁六三,祁六三,阿朱,0.0447669198
陈孤雁,陈孤雁,阿朱,0.0160667917
项长老,项长老,阿朱,0.125
穆贵妃,穆贵妃,阿紫,0.081818186
许卓诚,许卓诚,阿紫,0.0027170746
小王将军,小王将军,韦小宝,0.31876036350000003
忽伦三虎,忽伦三虎,陈家洛,0.25894333459999996
忽伦四虎,忽伦四虎,陈家洛,0.33140468970000003
忽伦大虎,忽伦大虎,陈家洛,0.5253379166
忽伦二虎,忽伦二虎,陈家洛,0.32055816405000004
于万亭,于万亭,陈家洛,0.4592896105999999
周大奶奶,周大奶奶,陈家洛,0.4576006525000001
周英杰,周英杰,陈家洛,0.18246427219999997
和尔大,和尔大,陈家洛,0.291796535
喀丝丽,喀丝丽,陈家洛,0.5692270744000001
梅良鸣,梅良鸣,陈家洛,0.046692219199999996
范中恩,范中恩,陈家洛,0.23685077670000002
褚圆,褚圆,陈家洛,0.2440574681
阎世章,阎世章,陈家洛,0.7613154152999999
霍阿伊,霍阿伊,陈家洛,0.25897960389999997
龙骏,龙骏,陈家洛,0.11563517560000001
凯别兴,凯别兴,陈家洛,0.0612756577
唐六爷,唐六爷,陈家洛,0.09960805565
宋天保,宋天保,陈家洛,0.42180546792999996
戴永明,戴永明,陈家洛,0.26121647658
曹司朋,曹司朋,陈家洛,0.32685647874999996
覃天丞,覃天丞,陈家洛,0.3272805338
大癫,大癫,陈家洛,0.41892000179999994
教长,教长,陈家洛,0.02176176995
韩春霖,韩春霖,陈家洛,0.3312058733
冯辉,冯辉,陈家洛,0.41694286430000005
德鄂,德鄂,陈家洛,0.11711348155000001
桑拉巴,桑拉巴,陈家洛,0.2189523462
蒋天寿,蒋天寿,陈家洛,0.2588988893
迟玄,迟玄,陈家洛,0.061340927999999996
阿里,阿里,陈家洛,0.37282257773000005
郑板桥,郑板桥,陈家洛,0.557733269
沈德潜,沈德潜,陈家洛,0.557733269
元伤,元伤,陈家洛,0.27142404805
元悲,元悲,陈家洛,0.27142404805
元痛,元痛,陈家洛,0.27142404805
大痴,大痴,陈家洛,0.41921358829999994
彭三春,彭三春,陈家洛,0.41575595405
阎世魁,阎世魁,陈家洛,0.1646844678
天虹禅师,天虹禅师,陈家洛,0.1300314487
老吴,老吴,韦小宝,0.32959084680000006
杨溢之,杨溢之,韦小宝,0.9623653487000001
心溪,心溪,韦小宝,0.2042974063
皇甫阁,皇甫阁,韦小宝,0.42484004140000003
尹章垓,尹章垓,陈家洛,0.027708547599999998
章老三,章老三,韦小宝,0.13445692709999998
静智大师,静智大师,陶子安,0.02631579
关安基,关安基,韦小宝,0.74094216513
史松,史松,韦小宝,0.47224743269999997
司徒伯雷,司徒伯雷,韦小宝,0.4281849728999999
司徒鹤,司徒鹤,韦小宝,0.3222513976999999
崔瞎子,崔瞎子,韦小宝,0.19442589813999997
祁清彪,祁清彪,韦小宝,0.3059215112
葛尔丹,葛尔丹,韦小宝,0.9863211267
蔡德忠,蔡德忠,韦小宝,0.14375910712999998
贾老六,贾老六,韦小宝,0.2716277398
邝天雄,邝天雄,韦小宝,0.0565034395
马宝,马宝,韦小宝,0.11473583910000001
柳燕,柳燕,韦小宝,0.5852299718999999
海大富,海大富,韦小宝,0.01844656618
华伯斯基,华伯斯基,韦小宝,0.4042689623
南怀仁,南怀仁,韦小宝,0.3748022129
图尔布青,图尔布青,韦小宝,0.15730414459999997
汤若望,汤若望,韦小宝,0.5545678231
费要多罗,费要多罗,韦小宝,0.590143107
齐洛诺夫,齐洛诺夫,韦小宝,0.36241580473999996
苏荃,苏荃,韦小宝,0.49509907279999993
敖彪,敖彪,韦小宝,0.27512182423
林兴珠,林兴珠,韦小宝,1.2509053477
洪朝,洪朝,韦小宝,0.4018124417
罕贴摩,罕贴摩,韦小宝,0.2317471637
余兆兴,余兆兴,黄蓉,0.13225796227
焦木和尚,焦木和尚,黄蓉,0.0553478311
瑞栋,瑞栋,韦小宝,0.42735166829999993
解文豹,解文豹,龙岛主,0.2855476554
钟志灵,钟志灵,韦小宝,0.025197944679999997
玉林,玉林,韦小宝,0.8902823166
苏辙,苏辙,韦小宝,0.11764706
澄光,澄光,韦小宝,2.0614490006
阿济赤,阿济赤,韦小宝,0.17537757909999996
杜立德,杜立德,韦小宝,0.39703231155999996
黄甫,黄甫,韦小宝,0.08855585433999999
路副将,路副将,韦小宝,0.04898756674
张淡月,张淡月,韦小宝,0.7213848433
巴泰,巴泰,韦小宝,0.26466612326
高里津,高里津,韦小宝,0.18438961762999997
洪安通,洪安通,韦小宝,0.05476214553
行痴,行痴,韦小宝,1.01842073953
姚春,姚春,马博仁,0.5201799527400001
王武通,王武通,马博仁,0.75918290733
雷一啸,雷一啸,马博仁,0.39210137468
澄心,澄心,韦小宝,0.5689063907999999
澄通,澄通,韦小宝,0.22522479580000002
行颠,行颠,韦小宝,0.38035049490000006
殷锦,殷锦,韦小宝,0.3074301726
许雪亭,许雪亭,韦小宝,0.5018852216
吴大鹏,吴大鹏,韦小宝,0.7353397288400001
王潭,王潭,韦小宝,0.2404931645
齐元凯,齐元凯,韦小宝,1.006900282
净济,净济,韦小宝,0.7100877192
净清,净清,韦小宝,0.5738919739
澄识,澄识,韦小宝,0.42106952074000004
元义方,元义方,韦小宝,0.3771292956999999
昌齐,昌齐,韦小宝,0.0497868113
庄允城,庄允城,韦小宝,0.694767445
图海道,图海道,韦小宝,0.11303271171000001
西奥图三世,西奥图三世,韦小宝,0.028191384
温有道,温有道,韦小宝,0.37197723679999994
程维藩,程维藩,韦小宝,0.311559521
平威,平威,韦小宝,0.1669777026
吕毅中,吕毅中,韦小宝,0.27962654308
吕葆中,吕葆中,韦小宝,0.22115196708
卫周祚,卫周祚,韦小宝,0.00101158011
富春,富春,韦小宝,0.1100460879
李式开,李式开,韦小宝,0.00239988563
林永超,林永超,韦小宝,0.05764801406
葛通,葛通,韦小宝,0.047928541090000006
阿尔尼,阿尔尼,韦小宝,0.30599148016
马喇,马喇,韦小宝,0.35320993774
庄夫人,庄夫人,韦小宝,0.0696779926
舒化龙,舒化龙,韦小宝,0.055987846
于八,于八,韦小宝,0.0269133669
彭参将,彭参将,韦小宝,0.0046778063
神照上人,神照上人,韦小宝,0.11111111
蕊初,蕊初,韦小宝,0.0229109585
米思翰,米思翰,韦小宝,0.12907754818
云素梅,云素梅,韦小宝,0.00243368858
巴颜法师,巴颜法师,韦小宝,0.00952381
五符,五符,韦小宝,0.0006339248800000001
劳太监,劳太监,韦小宝,0.00018649758
江百胜,江百胜,韦小宝,0.00919550658
菊芳,菊芳,韦小宝,0.0007459903
韦春花,韦春花,韦小宝,0.00018649758
吴青烈,吴青烈,黄蓉,0.36018106398000005
忽都虎,忽都虎,黄蓉,0.07935455782
鄂尔多,鄂尔多,黄蓉,0.00467387846
九死生,九死生,黄蓉,0.18625844369
